Country Name,Country Code,Indicator Name,Indicator Code,1980,1981,1982,1983,1984,1985,1986,1987,1988,1989,1990,1991,1992,1993,1994,1995,1996,1997,1998,1999,2000,2001,2002,2003,2004,2005,2006,2007,2008,2009,2010,2011,2012,2013,2014,2015,2016,2017,2018,2019,2020
Aruba,ABW,Access to electricity (% of population),EG.ELC.ACCS.ZS,high,high,high,high,high,high,high,high,high,high,high,high,high,high,high,high,high,high,high,high,high,high,high,high,high,high,high,high,high,high,high,high,high,high,high,high,high,high,high,high,high
Africa Eastern and Southern,AFE,Access to electricity (% of population),EG.ELC.ACCS.ZS,low,low,low,low,low,low,low,low,low,low,low,low,low,low,low,low,low,low,low,low,low,below_average,below_average,below_average,below_average,below_average,below_average,below_average,below_average,below_average,below_average,below_average,below_average,below_average,below_average,below_average,average,average,average,average,average
Afghanistan,AFG,Access to electricity (% of population),EG.ELC.ACCS.ZS,low,low,low,low,low,low,low,low,low,low,low,low,low,low,low,low,low,low,low,low,low,low,low,low,low,low,below_average,below_average,average,average,average,average,above_average,above_average,high,above_average,high,high,high,high,high
Africa Western and Central,AFW,Access to electricity (% of population),EG.ELC.ACCS.ZS,below_average,below_average,below_average,below_average,below_average,below_average,below_average,below_average,below_average,below_average,below_average,below_average,below_average,below_average,below_average,below_average,below_average,below_average,below_average,below_average,below_average,below_average,below_average,average,below_average,average,average,average,average,average,average,average,average,average,average,average,average,average,average,average,average
Angola,AGO,Access to electricity (% of population),EG.ELC.ACCS.ZS,low,low,low,low,low,low,low,low,low,low,low,low,low,low,low,low,low,low,low,low,low,low,below_average,below_average,below_average,below_average,below_average,below_average,average,below_average,below_average,below_average,below_average,average,below_average,average,average,average,average,average,average
Albania,ALB,Access to electricity (% of population),EG.ELC.ACCS.ZS,high,high,high,high,high,high,high,high,high,high,high,high,high,high,high,high,high,high,high,high,high,high,high,high,high,high,high,high,high,high,high,high,high,high,high,high,high,high,high,high,high
Andorra,AND,Access to electricity (% of population),EG.ELC.ACCS.ZS,high,high,high,high,high,high,high,high,high,high,high,high,high,high,high,high,high,high,high,high,high,high,high,high,high,high,high,high,high,high,high,high,high,high,high,high,high,high,high,high,high
Arab World,ARB,Access to electricity (% of population),EG.ELC.ACCS.ZS,above_average,above_average,above_average,above_average,above_average,above_average,above_average,above_average,above_average,above_average,above_average,above_average,above_average,above_average,above_average,above_average,above_average,high,high,high,high,high,high,high,high,high,high,high,high,high,high,high,high,high,high,high,high,high,high,high,high
United Arab Emirates,ARE,Access to electricity (% of population),EG.ELC.ACCS.ZS,high,high,high,high,high,high,high,high,high,high,high,high,high,high,high,high,high,high,high,high,high,high,high,high,high,high,high,high,high,high,high,high,high,high,high,high,high,high,high,high,high
Argentina,ARG,Access to electricity (% of population),EG.ELC.ACCS.ZS,high,high,high,high,high,high,high,high,high,high,high,high,high,high,high,high,high,high,high,high,high,high,high,high,high,high,high,high,high,high,high,high,high,high,high,high,high,high,high,high,high
Armenia,ARM,Access to electricity (% of population),EG.ELC.ACCS.ZS,high,high,high,high,high,high,high,high,high,high,high,high,high,high,high,high,high,high,high,high,high,high,high,high,high,high,high,high,high,high,high,high,high,high,high,high,high,high,high,high,high
American Samoa,ASM,Access to electricity (% of population),EG.ELC.ACCS.ZS,Unknown,Unknown,Unknown,Unknown,Unknown,Unknown,Unknown,Unknown,Unknown,Unknown,Unknown,Unknown,Unknown,Unknown,Unknown,Unknown,Unknown,Unknown,Unknown,Unknown,Unknown,Unknown,Unknown,Unknown,Unknown,Unknown,Unknown,Unknown,Unknown,Unknown,Unknown,Unknown,Unknown,Unknown,Unknown,Unknown,Unknown,Unknown,Unknown,Unknown,Unknown
Antigua and Barbuda,ATG,Access to electricity (% of population),EG.ELC.ACCS.ZS,high,high,high,high,high,high,high,high,high,high,high,high,high,high,high,high,high,high,high,high,high,high,high,high,high,high,high,high,high,high,high,high,high,high,high,high,high,high,high,high,high
Australia,AUS,Access to electricity (% of population),EG.ELC.ACCS.ZS,high,high,high,high,high,high,high,high,high,high,high,high,high,high,high,high,high,high,high,high,high,high,high,high,high,high,high,high,high,high,high,high,high,high,high,high,high,high,high,high,high
Austria,AUT,Access to electricity (% of population),EG.ELC.ACCS.ZS,high,high,high,high,high,high,high,high,high,high,high,high,high,high,high,high,high,high,high,high,high,high,high,high,high,high,high,high,high,high,high,high,high,high,high,high,high,high,high,high,high
Azerbaijan,AZE,Access to electricity (% of population),EG.ELC.ACCS.ZS,high,high,high,high,high,high,high,high,high,high,high,high,high,high,high,high,high,high,high,high,high,high,high,high,high,high,high,high,high,high,high,high,high,high,high,high,high,high,high,high,high
Burundi,BDI,Access to electricity (% of population),EG.ELC.ACCS.ZS,low,low,low,low,low,low,low,low,low,low,low,low,low,low,low,low,low,low,low,low,low,low,low,low,low,low,low,low,low,low,low,low,low,low,low,low,low,low,low,low,low
Belgium,BEL,Access to electricity (% of population),EG.ELC.ACCS.ZS,high,high,high,high,high,high,high,high,high,high,high,high,high,high,high,high,high,high,high,high,high,high,high,high,high,high,high,high,high,high,high,high,high,high,high,high,high,high,high,high,high
Benin,BEN,Access to electricity (% of population),EG.ELC.ACCS.ZS,low,low,low,low,low,low,low,low,low,low,low,low,low,low,low,low,low,low,low,low,low,low,below_average,below_average,below_average,below_average,below_average,below_average,below_average,below_average,below_average,below_average,average,below_average,below_average,below_average,below_average,below_average,average,average,average
Burkina Faso,BFA,Access to electricity (% of population),EG.ELC.ACCS.ZS,low,low,low,low,low,low,low,low,low,low,low,low,low,low,low,low,low,low,low,low,low,low,low,low,low,low,low,low,low,low,low,low,low,low,low,low,low,low,low,low,low
Bangladesh,BGD,Access to electricity (% of population),EG.ELC.ACCS.ZS,low,low,low,low,low,low,low,low,low,low,low,low,low,low,low,low,low,low,below_average,below_average,below_average,below_average,average,average,average,average,average,average,average,above_average,average,above_average,above_average,above_average,above_average,above_average,above_average,high,high,high,high
Bulgaria,BGR,Access to electricity (% of population),EG.ELC.ACCS.ZS,high,high,high,high,high,high,high,high,high,high,high,high,high,high,high,high,high,high,high,high,high,high,high,high,high,high,high,high,high,high,high,high,high,high,high,high,high,high,high,high,high
Bahrain,BHR,Access to electricity (% of population),EG.ELC.ACCS.ZS,high,high,high,high,high,high,high,high,high,high,high,high,high,high,high,high,high,high,high,high,high,high,high,high,high,high,high,high,high,high,high,high,high,high,high,high,high,high,high,high,high
"Bahamas, The",BHS,Access to electricity (% of population),EG.ELC.ACCS.ZS,high,high,high,high,high,high,high,high,high,high,high,high,high,high,high,high,high,high,high,high,high,high,high,high,high,high,high,high,high,high,high,high,high,high,high,high,high,high,high,high,high
Bosnia and Herzegovina,BIH,Access to electricity (% of population),EG.ELC.ACCS.ZS,high,high,high,high,high,high,high,high,high,high,high,high,high,high,high,high,high,high,high,high,high,high,high,high,high,high,high,high,high,high,high,high,high,high,high,high,high,high,high,high,high
Belarus,BLR,Access to electricity (% of population),EG.ELC.ACCS.ZS,high,high,high,high,high,high,high,high,high,high,high,high,high,high,high,high,high,high,high,high,high,high,high,high,high,high,high,high,high,high,high,high,high,high,high,high,high,high,high,high,high
Belize,BLZ,Access to electricity (% of population),EG.ELC.ACCS.ZS,above_average,above_average,above_average,above_average,above_average,above_average,above_average,above_average,above_average,above_average,above_average,above_average,above_average,above_average,above_average,above_average,above_average,above_average,high,high,high,high,high,high,high,high,high,high,high,high,high,high,high,high,high,high,high,high,high,high,high
Bermuda,BMU,Access to electricity (% of population),EG.ELC.ACCS.ZS,high,high,high,high,high,high,high,high,high,high,high,high,high,high,high,high,high,high,high,high,high,high,high,high,high,high,high,high,high,high,high,high,high,high,high,high,high,high,high,high,high
Bolivia,BOL,Access to electricity (% of population),EG.ELC.ACCS.ZS,above_average,above_average,above_average,above_average,above_average,above_average,above_average,above_average,above_average,above_average,above_average,above_average,above_average,above_average,above_average,above_average,above_average,above_average,above_average,above_average,above_average,above_average,above_average,above_average,above_average,above_average,above_average,high,high,high,high,high,high,high,high,high,high,high,high,high,high
Brazil,BRA,Access to electricity (% of population),EG.ELC.ACCS.ZS,high,high,high,high,high,high,high,high,high,high,high,high,high,high,high,high,high,high,high,high,high,high,high,high,high,high,high,high,high,high,high,high,high,high,high,high,high,high,high,high,high
Barbados,BRB,Access to electricity (% of population),EG.ELC.ACCS.ZS,high,high,high,high,high,high,high,high,high,high,high,high,high,high,high,high,high,high,high,high,high,high,high,high,high,high,high,high,high,high,high,high,high,high,high,high,high,high,high,high,high
Brunei Darussalam,BRN,Access to electricity (% of population),EG.ELC.ACCS.ZS,high,high,high,high,high,high,high,high,high,high,high,high,high,high,high,high,high,high,high,high,high,high,high,high,high,high,high,high,high,high,high,high,high,high,high,high,high,high,high,high,high
Bhutan,BTN,Access to electricity (% of population),EG.ELC.ACCS.ZS,below_average,below_average,below_average,below_average,below_average,below_average,below_average,below_average,below_average,below_average,below_average,below_average,below_average,below_average,below_average,below_average,below_average,below_average,below_average,below_average,below_average,average,average,average,average,above_average,above_average,above_average,above_average,above_average,above_average,high,high,high,high,high,high,high,high,high,high
Botswana,BWA,Access to electricity (% of population),EG.ELC.ACCS.ZS,low,low,low,low,low,low,low,low,low,low,low,low,low,low,low,low,low,low,below_average,below_average,below_average,below_average,below_average,below_average,below_average,average,average,average,average,average,average,average,above_average,above_average,above_average,above_average,above_average,above_average,above_average,above_average,above_average
Central African Republic,CAF,Access to electricity (% of population),EG.ELC.ACCS.ZS,low,low,low,low,low,low,low,low,low,low,low,low,low,low,low,low,low,low,low,low,low,low,low,low,low,low,low,low,low,low,low,low,low,low,low,low,low,low,low,low,low
Canada,CAN,Access to electricity (% of population),EG.ELC.ACCS.ZS,high,high,high,high,high,high,high,high,high,high,high,high,high,high,high,high,high,high,high,high,high,high,high,high,high,high,high,high,high,high,high,high,high,high,high,high,high,high,high,high,high
Central Europe and the Baltics,CEB,Access to electricity (% of population),EG.ELC.ACCS.ZS,high,high,high,high,high,high,high,high,high,high,high,high,high,high,high,high,high,high,high,high,high,high,high,high,high,high,high,high,high,high,high,high,high,high,high,high,high,high,high,high,high
Switzerland,CHE,Access to electricity (% of population),EG.ELC.ACCS.ZS,high,high,high,high,high,high,high,high,high,high,high,high,high,high,high,high,high,high,high,high,high,high,high,high,high,high,high,high,high,high,high,high,high,high,high,high,high,high,high,high,high
Channel Islands,CHI,Access to electricity (% of population),EG.ELC.ACCS.ZS,high,high,high,high,high,high,high,high,high,high,high,high,high,high,high,high,high,high,high,high,high,high,high,high,high,high,high,high,high,high,high,high,high,high,high,high,high,high,high,high,high
Chile,CHL,Access to electricity (% of population),EG.ELC.ACCS.ZS,high,high,high,high,high,high,high,high,high,high,high,high,high,high,high,high,high,high,high,high,high,high,high,high,high,high,high,high,high,high,high,high,high,high,high,high,high,high,high,high,high
China,CHN,Access to electricity (% of population),EG.ELC.ACCS.ZS,high,high,high,high,high,high,high,high,high,high,high,high,high,high,high,high,high,high,high,high,high,high,high,high,high,high,high,high,high,high,high,high,high,high,high,high,high,high,high,high,high
Cote d'Ivoire,CIV,Access to electricity (% of population),EG.ELC.ACCS.ZS,below_average,below_average,below_average,below_average,below_average,below_average,below_average,below_average,below_average,below_average,below_average,below_average,below_average,below_average,below_average,average,average,average,average,average,average,average,average,average,average,above_average,above_average,above_average,above_average,above_average,above_average,above_average,above_average,above_average,above_average,above_average,above_average,above_average,above_average,above_average,above_average
Cameroon,CMR,Access to electricity (% of population),EG.ELC.ACCS.ZS,below_average,below_average,below_average,below_average,below_average,below_average,below_average,below_average,below_average,below_average,below_average,below_average,below_average,below_average,below_average,below_average,below_average,average,average,average,average,average,average,average,average,average,average,average,average,average,average,average,average,above_average,above_average,above_average,above_average,above_average,above_average,above_average,above_average
"Congo, Dem. Rep.",COD,Access to electricity (% of population),EG.ELC.ACCS.ZS,low,low,low,low,low,low,low,low,low,low,low,low,low,low,low,low,low,low,low,low,low,low,low,low,low,low,low,low,low,low,low,low,low,low,low,low,low,low,low,low,low
"Congo, Rep.",COG,Access to electricity (% of population),EG.ELC.ACCS.ZS,below_average,below_average,below_average,below_average,below_average,below_average,below_average,below_average,below_average,below_average,below_average,below_average,below_average,below_average,below_average,below_average,below_average,below_average,below_average,below_average,below_average,below_average,below_average,below_average,below_average,below_average,below_average,below_average,below_average,below_average,average,average,average,average,average,average,average,average,average,average,average
Colombia,COL,Access to electricity (% of population),EG.ELC.ACCS.ZS,high,high,high,high,high,high,high,high,high,high,high,high,high,high,high,high,high,high,high,high,high,high,high,high,high,high,high,high,high,high,high,high,high,high,high,high,high,high,high,high,high
Comoros,COM,Access to electricity (% of population),EG.ELC.ACCS.ZS,below_average,below_average,below_average,below_average,below_average,below_average,below_average,below_average,below_average,below_average,below_average,below_average,below_average,below_average,below_average,below_average,below_average,below_average,below_average,below_average,average,average,average,average,average,average,average,above_average,above_average,above_average,above_average,above_average,above_average,above_average,above_average,above_average,above_average,high,high,high,high
Cabo Verde,CPV,Access to electricity (% of population),EG.ELC.ACCS.ZS,above_average,above_average,above_average,above_average,above_average,above_average,above_average,above_average,above_average,above_average,above_average,above_average,above_average,above_average,above_average,above_average,above_average,above_average,above_average,above_average,above_average,above_average,above_average,above_average,above_average,above_average,above_average,above_average,above_average,above_average,high,high,high,high,high,high,high,high,high,high,high
Costa Rica,CRI,Access to electricity (% of population),EG.ELC.ACCS.ZS,high,high,high,high,high,high,high,high,high,high,high,high,high,high,high,high,high,high,high,high,high,high,high,high,high,high,high,high,high,high,high,high,high,high,high,high,high,high,high,high,high
Caribbean small states,CSS,Access to electricity (% of population),EG.ELC.ACCS.ZS,high,high,high,high,high,high,high,high,high,high,high,high,high,high,high,high,high,high,high,high,high,high,high,high,high,high,high,high,high,high,high,high,high,high,high,high,high,high,high,high,high
Cuba,CUB,Access to electricity (% of population),EG.ELC.ACCS.ZS,high,high,high,high,high,high,high,high,high,high,high,high,high,high,high,high,high,high,high,high,high,high,high,high,high,high,high,high,high,high,high,high,high,high,high,high,high,high,high,high,high
Curacao,CUW,Access to electricity (% of population),EG.ELC.ACCS.ZS,high,high,high,high,high,high,high,high,high,high,high,high,high,high,high,high,high,high,high,high,high,high,high,high,high,high,high,high,high,high,high,high,high,high,high,high,high,high,high,high,high
Cayman Islands,CYM,Access to electricity (% of population),EG.ELC.ACCS.ZS,high,high,high,high,high,high,high,high,high,high,high,high,high,high,high,high,high,high,high,high,high,high,high,high,high,high,high,high,high,high,high,high,high,high,high,high,high,high,high,high,high
Cyprus,CYP,Access to electricity (% of population),EG.ELC.ACCS.ZS,high,high,high,high,high,high,high,high,high,high,high,high,high,high,high,high,high,high,high,high,high,high,high,high,high,high,high,high,high,high,high,high,high,high,high,high,high,high,high,high,high
Czech Republic,CZE,Access to electricity (% of population),EG.ELC.ACCS.ZS,high,high,high,high,high,high,high,high,high,high,high,high,high,high,high,high,high,high,high,high,high,high,high,high,high,high,high,high,high,high,high,high,high,high,high,high,high,high,high,high,high
Germany,DEU,Access to electricity (% of population),EG.ELC.ACCS.ZS,high,high,high,high,high,high,high,high,high,high,high,high,high,high,high,high,high,high,high,high,high,high,high,high,high,high,high,high,high,high,high,high,high,high,high,high,high,high,high,high,high
Djibouti,DJI,Access to electricity (% of population),EG.ELC.ACCS.ZS,above_average,above_average,above_average,above_average,above_average,above_average,above_average,above_average,above_average,above_average,above_average,above_average,above_average,above_average,above_average,above_average,above_average,above_average,above_average,above_average,above_average,above_average,average,above_average,above_average,above_average,above_average,above_average,above_average,above_average,above_average,above_average,average,above_average,above_average,above_average,above_average,above_average,above_average,above_average,above_average
Dominica,DMA,Access to electricity (% of population),EG.ELC.ACCS.ZS,above_average,above_average,above_average,above_average,above_average,above_average,above_average,above_average,above_average,above_average,above_average,above_average,above_average,above_average,above_average,above_average,above_average,above_average,above_average,high,high,high,high,high,high,high,high,high,high,high,high,high,high,high,high,high,high,high,high,high,high
Denmark,DNK,Access to electricity (% of population),EG.ELC.ACCS.ZS,high,high,high,high,high,high,high,high,high,high,high,high,high,high,high,high,high,high,high,high,high,high,high,high,high,high,high,high,high,high,high,high,high,high,high,high,high,high,high,high,high
Dominican Republic,DOM,Access to electricity (% of population),EG.ELC.ACCS.ZS,high,high,high,high,high,high,high,high,high,high,high,high,high,high,high,high,high,high,high,high,high,high,high,high,high,high,high,high,high,high,high,high,high,high,high,high,high,high,high,high,high
Algeria,DZA,Access to electricity (% of population),EG.ELC.ACCS.ZS,high,high,high,high,high,high,high,high,high,high,high,high,high,high,high,high,high,high,high,high,high,high,high,high,high,high,high,high,high,high,high,high,high,high,high,high,high,high,high,high,high
East Asia & Pacific (excluding high income),EAP,Access to electricity (% of population),EG.ELC.ACCS.ZS,high,high,high,high,high,high,high,high,high,high,high,high,high,high,high,high,high,high,high,high,high,high,high,high,high,high,high,high,high,high,high,high,high,high,high,high,high,high,high,high,high
Early-demographic dividend,EAR,Access to electricity (% of population),EG.ELC.ACCS.ZS,above_average,above_average,above_average,above_average,above_average,above_average,above_average,above_average,above_average,above_average,above_average,above_average,above_average,above_average,above_average,above_average,above_average,above_average,above_average,above_average,above_average,above_average,above_average,above_average,above_average,above_average,above_average,above_average,above_average,high,high,above_average,high,high,high,high,high,high,high,high,high
East Asia & Pacific,EAS,Access to electricity (% of population),EG.ELC.ACCS.ZS,high,high,high,high,high,high,high,high,high,high,high,high,high,high,high,high,high,high,high,high,high,high,high,high,high,high,high,high,high,high,high,high,high,high,high,high,high,high,high,high,high
Europe & Central Asia (excluding high income),ECA,Access to electricity (% of population),EG.ELC.ACCS.ZS,high,high,high,high,high,high,high,high,high,high,high,high,high,high,high,high,high,high,high,high,high,high,high,high,high,high,high,high,high,high,high,high,high,high,high,high,high,high,high,high,high
Europe & Central Asia,ECS,Access to electricity (% of population),EG.ELC.ACCS.ZS,high,high,high,high,high,high,high,high,high,high,high,high,high,high,high,high,high,high,high,high,high,high,high,high,high,high,high,high,high,high,high,high,high,high,high,high,high,high,high,high,high
Ecuador,ECU,Access to electricity (% of population),EG.ELC.ACCS.ZS,high,high,high,high,high,high,high,high,high,high,high,high,high,high,high,high,high,high,high,high,high,high,high,high,high,high,high,high,high,high,high,high,high,high,high,high,high,high,high,high,high
"Egypt, Arab Rep.",EGY,Access to electricity (% of population),EG.ELC.ACCS.ZS,high,high,high,high,high,high,high,high,high,high,high,high,high,high,high,high,high,high,high,high,high,high,high,high,high,high,high,high,high,high,high,high,high,high,high,high,high,high,high,high,high
Euro area,EMU,Access to electricity (% of population),EG.ELC.ACCS.ZS,high,high,high,high,high,high,high,high,high,high,high,high,high,high,high,high,high,high,high,high,high,high,high,high,high,high,high,high,high,high,high,high,high,high,high,high,high,high,high,high,high
Eritrea,ERI,Access to electricity (% of population),EG.ELC.ACCS.ZS,below_average,below_average,below_average,below_average,below_average,below_average,below_average,below_average,below_average,below_average,below_average,below_average,below_average,below_average,below_average,below_average,below_average,below_average,below_average,below_average,below_average,below_average,below_average,below_average,below_average,below_average,below_average,below_average,below_average,average,average,average,average,average,average,average,average,average,average,average,average
Spain,ESP,Access to electricity (% of population),EG.ELC.ACCS.ZS,high,high,high,high,high,high,high,high,high,high,high,high,high,high,high,high,high,high,high,high,high,high,high,high,high,high,high,high,high,high,high,high,high,high,high,high,high,high,high,high,high
Estonia,EST,Access to electricity (% of population),EG.ELC.ACCS.ZS,high,high,high,high,high,high,high,high,high,high,high,high,high,high,high,high,high,high,high,high,high,high,high,high,high,high,high,high,high,high,high,high,high,high,high,high,high,high,high,high,high
Ethiopia,ETH,Access to electricity (% of population),EG.ELC.ACCS.ZS,low,low,low,low,low,low,low,low,low,low,low,low,low,low,low,low,low,low,low,low,low,below_average,below_average,below_average,below_average,low,below_average,below_average,below_average,below_average,below_average,below_average,below_average,below_average,below_average,below_average,average,average,average,average,average
European Union,EUU,Access to electricity (% of population),EG.ELC.ACCS.ZS,high,high,high,high,high,high,high,high,high,high,high,high,high,high,high,high,high,high,high,high,high,high,high,high,high,high,high,high,high,high,high,high,high,high,high,high,high,high,high,high,high
Fragile and conflict affected situations,FCS,Access to electricity (% of population),EG.ELC.ACCS.ZS,below_average,below_average,below_average,below_average,below_average,below_average,below_average,below_average,below_average,below_average,below_average,below_average,below_average,below_average,below_average,below_average,below_average,below_average,below_average,below_average,below_average,below_average,average,average,average,below_average,average,average,average,average,average,average,average,average,average,average,average,average,average,average,average
Finland,FIN,Access to electricity (% of population),EG.ELC.ACCS.ZS,high,high,high,high,high,high,high,high,high,high,high,high,high,high,high,high,high,high,high,high,high,high,high,high,high,high,high,high,high,high,high,high,high,high,high,high,high,high,high,high,high
Fiji,FJI,Access to electricity (% of population),EG.ELC.ACCS.ZS,above_average,above_average,above_average,above_average,above_average,above_average,above_average,above_average,above_average,above_average,above_average,above_average,above_average,above_average,above_average,above_average,above_average,above_average,above_average,above_average,above_average,above_average,high,high,high,high,high,high,high,high,high,high,high,high,high,high,high,high,high,high,high
France,FRA,Access to electricity (% of population),EG.ELC.ACCS.ZS,high,high,high,high,high,high,high,high,high,high,high,high,high,high,high,high,high,high,high,high,high,high,high,high,high,high,high,high,high,high,high,high,high,high,high,high,high,high,high,high,high
Faroe Islands,FRO,Access to electricity (% of population),EG.ELC.ACCS.ZS,high,high,high,high,high,high,high,high,high,high,high,high,high,high,high,high,high,high,high,high,high,high,high,high,high,high,high,high,high,high,high,high,high,high,high,high,high,high,high,high,high
"Micronesia, Fed. Sts.",FSM,Access to electricity (% of population),EG.ELC.ACCS.ZS,average,average,average,average,average,average,average,average,average,average,average,average,average,average,average,average,average,average,average,average,average,average,average,average,average,above_average,above_average,above_average,above_average,above_average,above_average,above_average,above_average,above_average,above_average,above_average,above_average,high,high,high,high
Gabon,GAB,Access to electricity (% of population),EG.ELC.ACCS.ZS,above_average,above_average,above_average,above_average,above_average,above_average,above_average,above_average,above_average,above_average,above_average,above_average,above_average,above_average,above_average,above_average,above_average,above_average,above_average,above_average,above_average,above_average,high,high,high,high,high,high,high,high,high,high,high,high,high,high,high,high,high,high,high
United Kingdom,GBR,Access to electricity (% of population),EG.ELC.ACCS.ZS,high,high,high,high,high,high,high,high,high,high,high,high,high,high,high,high,high,high,high,high,high,high,high,high,high,high,high,high,high,high,high,high,high,high,high,high,high,high,high,high,high
Georgia,GEO,Access to electricity (% of population),EG.ELC.ACCS.ZS,high,high,high,high,high,high,high,high,high,high,high,high,high,high,high,high,high,high,high,high,high,high,high,high,high,high,high,high,high,high,high,high,high,high,high,high,high,high,high,high,high
Ghana,GHA,Access to electricity (% of population),EG.ELC.ACCS.ZS,below_average,below_average,below_average,below_average,below_average,below_average,below_average,below_average,below_average,below_average,below_average,below_average,below_average,below_average,below_average,below_average,below_average,below_average,average,average,average,average,average,average,average,average,average,above_average,above_average,above_average,above_average,above_average,above_average,above_average,high,above_average,high,high,high,high,high
Gibraltar,GIB,Access to electricity (% of population),EG.ELC.ACCS.ZS,high,high,high,high,high,high,high,high,high,high,high,high,high,high,high,high,high,high,high,high,high,high,high,high,high,high,high,high,high,high,high,high,high,high,high,high,high,high,high,high,high
Guinea,GIN,Access to electricity (% of population),EG.ELC.ACCS.ZS,low,low,low,low,low,low,low,low,low,low,low,low,low,low,low,low,low,low,low,low,low,low,low,low,low,low,below_average,below_average,below_average,below_average,below_average,below_average,below_average,below_average,below_average,below_average,below_average,below_average,average,average,average
"Gambia, The",GMB,Access to electricity (% of population),EG.ELC.ACCS.ZS,low,low,low,low,low,low,low,low,low,low,low,low,low,low,low,low,low,below_average,below_average,below_average,below_average,below_average,below_average,below_average,below_average,below_average,average,average,average,average,average,average,average,average,average,average,above_average,above_average,above_average,above_average,above_average
Guinea-Bissau,GNB,Access to electricity (% of population),EG.ELC.ACCS.ZS,low,low,low,low,low,low,low,low,low,low,low,low,low,low,low,low,low,low,low,low,low,low,low,low,low,low,low,low,low,low,low,low,low,low,low,low,below_average,below_average,below_average,below_average,below_average
Equatorial Guinea,GNQ,Access to electricity (% of population),EG.ELC.ACCS.ZS,above_average,above_average,above_average,above_average,above_average,above_average,above_average,above_average,above_average,above_average,above_average,above_average,above_average,above_average,above_average,above_average,above_average,above_average,above_average,above_average,above_average,above_average,above_average,above_average,above_average,above_average,above_average,above_average,above_average,above_average,above_average,above_average,above_average,above_average,above_average,above_average,above_average,above_average,above_average,above_average,above_average
Greece,GRC,Access to electricity (% of population),EG.ELC.ACCS.ZS,high,high,high,high,high,high,high,high,high,high,high,high,high,high,high,high,high,high,high,high,high,high,high,high,high,high,high,high,high,high,high,high,high,high,high,high,high,high,high,high,high
Grenada,GRD,Access to electricity (% of population),EG.ELC.ACCS.ZS,high,high,high,high,high,high,high,high,high,high,high,high,high,high,high,high,high,high,high,high,high,high,high,high,high,high,high,high,high,high,high,high,high,high,high,high,high,high,high,high,high
Greenland,GRL,Access to electricity (% of population),EG.ELC.ACCS.ZS,high,high,high,high,high,high,high,high,high,high,high,high,high,high,high,high,high,high,high,high,high,high,high,high,high,high,high,high,high,high,high,high,high,high,high,high,high,high,high,high,high
Guatemala,GTM,Access to electricity (% of population),EG.ELC.ACCS.ZS,above_average,above_average,above_average,above_average,above_average,above_average,above_average,above_average,above_average,above_average,above_average,above_average,above_average,above_average,above_average,above_average,above_average,above_average,above_average,above_average,above_average,above_average,high,high,high,high,high,high,high,high,high,high,high,high,high,high,high,high,high,high,high
Guam,GUM,Access to electricity (% of population),EG.ELC.ACCS.ZS,high,high,high,high,high,high,high,high,high,high,high,high,high,high,high,high,high,high,high,high,high,high,high,high,high,high,high,high,high,high,high,high,high,high,high,high,high,high,high,high,high
Guyana,GUY,Access to electricity (% of population),EG.ELC.ACCS.ZS,above_average,above_average,above_average,above_average,above_average,above_average,above_average,above_average,above_average,above_average,above_average,above_average,above_average,above_average,above_average,above_average,above_average,above_average,above_average,above_average,above_average,above_average,above_average,above_average,above_average,high,above_average,high,high,high,high,high,high,high,high,high,high,high,high,high,high
High income,HIC,Access to electricity (% of population),EG.ELC.ACCS.ZS,high,high,high,high,high,high,high,high,high,high,high,high,high,high,high,high,high,high,high,high,high,high,high,high,high,high,high,high,high,high,high,high,high,high,high,high,high,high,high,high,high
"Hong Kong SAR, China",HKG,Access to electricity (% of population),EG.ELC.ACCS.ZS,high,high,high,high,high,high,high,high,high,high,high,high,high,high,high,high,high,high,high,high,high,high,high,high,high,high,high,high,high,high,high,high,high,high,high,high,high,high,high,high,high
Honduras,HND,Access to electricity (% of population),EG.ELC.ACCS.ZS,average,average,average,average,average,average,average,average,average,average,average,average,above_average,above_average,above_average,above_average,above_average,above_average,above_average,above_average,above_average,above_average,above_average,above_average,above_average,above_average,above_average,above_average,above_average,high,high,high,high,high,high,high,high,high,high,high,high
Heavily indebted poor countries (HIPC),HPC,Access to electricity (% of population),EG.ELC.ACCS.ZS,low,low,low,low,low,low,low,low,low,low,low,low,low,low,low,low,low,low,low,low,low,low,low,below_average,below_average,low,below_average,below_average,below_average,below_average,below_average,below_average,below_average,below_average,below_average,below_average,average,average,average,average,average
Croatia,HRV,Access to electricity (% of population),EG.ELC.ACCS.ZS,high,high,high,high,high,high,high,high,high,high,high,high,high,high,high,high,high,high,high,high,high,high,high,high,high,high,high,high,high,high,high,high,high,high,high,high,high,high,high,high,high
Haiti,HTI,Access to electricity (% of population),EG.ELC.ACCS.ZS,below_average,below_average,below_average,below_average,below_average,below_average,below_average,below_average,below_average,below_average,below_average,below_average,below_average,below_average,below_average,below_average,below_average,below_average,below_average,below_average,below_average,below_average,below_average,below_average,below_average,below_average,below_average,below_average,below_average,below_average,below_average,below_average,average,average,average,average,average,average,average,average,average
Hungary,HUN,Access to electricity (% of population),EG.ELC.ACCS.ZS,high,high,high,high,high,high,high,high,high,high,high,high,high,high,high,high,high,high,high,high,high,high,high,high,high,high,high,high,high,high,high,high,high,high,high,high,high,high,high,high,high
IBRD only,IBD,Access to electricity (% of population),EG.ELC.ACCS.ZS,high,high,high,high,high,high,high,high,high,high,high,high,high,high,high,high,high,high,high,high,high,high,high,high,high,high,high,high,high,high,high,high,high,high,high,high,high,high,high,high,high
IDA & IBRD total,IBT,Access to electricity (% of population),EG.ELC.ACCS.ZS,above_average,above_average,above_average,above_average,above_average,above_average,above_average,above_average,above_average,above_average,above_average,above_average,above_average,above_average,above_average,above_average,above_average,above_average,above_average,above_average,above_average,above_average,above_average,above_average,above_average,above_average,high,high,high,high,high,high,high,high,high,high,high,high,high,high,high
IDA total,IDA,Access to electricity (% of population),EG.ELC.ACCS.ZS,below_average,below_average,below_average,below_average,below_average,below_average,below_average,below_average,below_average,below_average,below_average,below_average,below_average,below_average,below_average,below_average,below_average,below_average,below_average,average,below_average,below_average,average,average,average,average,average,average,average,average,average,average,average,average,average,average,average,above_average,above_average,above_average,above_average
IDA blend,IDB,Access to electricity (% of population),EG.ELC.ACCS.ZS,average,average,average,average,average,average,average,average,average,average,average,average,average,average,average,average,average,average,average,average,average,average,above_average,above_average,above_average,above_average,above_average,above_average,above_average,above_average,above_average,above_average,above_average,above_average,above_average,above_average,above_average,above_average,above_average,above_average,above_average
Indonesia,IDN,Access to electricity (% of population),EG.ELC.ACCS.ZS,average,average,average,average,average,average,average,average,average,average,average,average,above_average,above_average,above_average,above_average,above_average,high,high,high,high,high,high,high,high,high,high,high,high,high,high,high,high,high,high,high,high,high,high,high,high
IDA only,IDX,Access to electricity (% of population),EG.ELC.ACCS.ZS,below_average,below_average,below_average,below_average,below_average,below_average,below_average,below_average,below_average,below_average,below_average,below_average,below_average,below_average,below_average,below_average,below_average,below_average,below_average,below_average,below_average,below_average,below_average,below_average,below_average,below_average,below_average,below_average,below_average,below_average,average,average,average,average,average,average,average,average,average,above_average,above_average
Isle of Man,IMN,Access to electricity (% of population),EG.ELC.ACCS.ZS,high,high,high,high,high,high,high,high,high,high,high,high,high,high,high,high,high,high,high,high,high,high,high,high,high,high,high,high,high,high,high,high,high,high,high,high,high,high,high,high,high
India,IND,Access to electricity (% of population),EG.ELC.ACCS.ZS,average,average,average,average,average,average,average,average,average,average,average,average,average,average,average,average,average,average,above_average,above_average,above_average,above_average,above_average,above_average,above_average,above_average,above_average,above_average,above_average,above_average,above_average,above_average,high,high,high,high,high,high,high,high,high
Not classified,INX,Access to electricity (% of population),EG.ELC.ACCS.ZS,Unknown,Unknown,Unknown,Unknown,Unknown,Unknown,Unknown,Unknown,Unknown,Unknown,Unknown,Unknown,Unknown,Unknown,Unknown,Unknown,Unknown,Unknown,Unknown,Unknown,Unknown,Unknown,Unknown,Unknown,Unknown,Unknown,Unknown,Unknown,Unknown,Unknown,Unknown,Unknown,Unknown,Unknown,Unknown,Unknown,Unknown,Unknown,Unknown,Unknown,Unknown
Ireland,IRL,Access to electricity (% of population),EG.ELC.ACCS.ZS,high,high,high,high,high,high,high,high,high,high,high,high,high,high,high,high,high,high,high,high,high,high,high,high,high,high,high,high,high,high,high,high,high,high,high,high,high,high,high,high,high
"Iran, Islamic Rep.",IRN,Access to electricity (% of population),EG.ELC.ACCS.ZS,high,high,high,high,high,high,high,high,high,high,high,high,high,high,high,high,high,high,high,high,high,high,high,high,high,high,high,high,high,high,high,high,high,high,high,high,high,high,high,high,high
Iraq,IRQ,Access to electricity (% of population),EG.ELC.ACCS.ZS,high,high,high,high,high,high,high,high,high,high,high,high,high,high,high,high,high,high,high,high,high,high,high,high,high,high,high,high,high,high,high,high,high,high,high,high,high,high,high,high,high
Iceland,ISL,Access to electricity (% of population),EG.ELC.ACCS.ZS,high,high,high,high,high,high,high,high,high,high,high,high,high,high,high,high,high,high,high,high,high,high,high,high,high,high,high,high,high,high,high,high,high,high,high,high,high,high,high,high,high
Israel,ISR,Access to electricity (% of population),EG.ELC.ACCS.ZS,high,high,high,high,high,high,high,high,high,high,high,high,high,high,high,high,high,high,high,high,high,high,high,high,high,high,high,high,high,high,high,high,high,high,high,high,high,high,high,high,high
Italy,ITA,Access to electricity (% of population),EG.ELC.ACCS.ZS,high,high,high,high,high,high,high,high,high,high,high,high,high,high,high,high,high,high,high,high,high,high,high,high,high,high,high,high,high,high,high,high,high,high,high,high,high,high,high,high,high
Jamaica,JAM,Access to electricity (% of population),EG.ELC.ACCS.ZS,above_average,above_average,above_average,above_average,above_average,above_average,above_average,above_average,above_average,above_average,above_average,high,high,high,high,high,high,high,high,high,high,high,high,high,high,high,high,high,high,high,high,high,high,high,high,high,high,high,high,high,high
Jordan,JOR,Access to electricity (% of population),EG.ELC.ACCS.ZS,high,high,high,high,high,high,high,high,high,high,high,high,high,high,high,high,high,high,high,high,high,high,high,high,high,high,high,high,high,high,high,high,high,high,high,high,high,high,high,high,high
Japan,JPN,Access to electricity (% of population),EG.ELC.ACCS.ZS,high,high,high,high,high,high,high,high,high,high,high,high,high,high,high,high,high,high,high,high,high,high,high,high,high,high,high,high,high,high,high,high,high,high,high,high,high,high,high,high,high
Kazakhstan,KAZ,Access to electricity (% of population),EG.ELC.ACCS.ZS,high,high,high,high,high,high,high,high,high,high,high,high,high,high,high,high,high,high,high,high,high,high,high,high,high,high,high,high,high,high,high,high,high,high,high,high,high,high,high,high,high
Kenya,KEN,Access to electricity (% of population),EG.ELC.ACCS.ZS,low,low,low,low,low,low,low,low,low,low,low,low,low,low,low,low,low,low,low,low,low,low,low,low,below_average,below_average,below_average,below_average,below_average,below_average,low,below_average,average,average,below_average,average,average,above_average,above_average,above_average,above_average
Kyrgyz Republic,KGZ,Access to electricity (% of population),EG.ELC.ACCS.ZS,high,high,high,high,high,high,high,high,high,high,high,high,high,high,high,high,high,high,high,high,high,high,high,high,high,high,high,high,high,high,high,high,high,high,high,high,high,high,high,high,high
Cambodia,KHM,Access to electricity (% of population),EG.ELC.ACCS.ZS,low,low,low,low,low,low,low,low,low,low,low,low,low,low,low,low,low,low,low,low,low,low,low,low,below_average,low,below_average,below_average,below_average,average,below_average,average,average,average,above_average,above_average,above_average,high,high,high,high
Kiribati,KIR,Access to electricity (% of population),EG.ELC.ACCS.ZS,above_average,above_average,above_average,above_average,above_average,above_average,above_average,above_average,above_average,above_average,above_average,above_average,above_average,above_average,above_average,above_average,above_average,above_average,above_average,above_average,above_average,above_average,above_average,above_average,above_average,above_average,above_average,above_average,above_average,above_average,above_average,high,high,high,high,high,high,high,high,high,high
St. Kitts and Nevis,KNA,Access to electricity (% of population),EG.ELC.ACCS.ZS,high,high,high,high,high,high,high,high,high,high,high,high,high,high,high,high,high,high,high,high,high,high,high,high,high,high,high,high,high,high,high,high,high,high,high,high,high,high,high,high,high
"Korea, Rep.",KOR,Access to electricity (% of population),EG.ELC.ACCS.ZS,high,high,high,high,high,high,high,high,high,high,high,high,high,high,high,high,high,high,high,high,high,high,high,high,high,high,high,high,high,high,high,high,high,high,high,high,high,high,high,high,high
Kuwait,KWT,Access to electricity (% of population),EG.ELC.ACCS.ZS,high,high,high,high,high,high,high,high,high,high,high,high,high,high,high,high,high,high,high,high,high,high,high,high,high,high,high,high,high,high,high,high,high,high,high,high,high,high,high,high,high
Latin America & Caribbean (excluding high income),LAC,Access to electricity (% of population),EG.ELC.ACCS.ZS,high,high,high,high,high,high,high,high,high,high,high,high,high,high,high,high,high,high,high,high,high,high,high,high,high,high,high,high,high,high,high,high,high,high,high,high,high,high,high,high,high
Lao PDR,LAO,Access to electricity (% of population),EG.ELC.ACCS.ZS,below_average,below_average,below_average,below_average,below_average,below_average,below_average,below_average,below_average,below_average,below_average,below_average,below_average,below_average,below_average,below_average,below_average,below_average,below_average,average,average,average,average,average,average,above_average,above_average,average,above_average,above_average,above_average,above_average,above_average,high,high,high,high,high,high,high,high
Lebanon,LBN,Access to electricity (% of population),EG.ELC.ACCS.ZS,high,high,high,high,high,high,high,high,high,high,high,high,high,high,high,high,high,high,high,high,high,high,high,high,high,high,high,high,high,high,high,high,high,high,high,high,high,high,high,high,high
Liberia,LBR,Access to electricity (% of population),EG.ELC.ACCS.ZS,low,low,low,low,low,low,low,low,low,low,low,low,low,low,low,low,low,low,low,low,low,low,low,low,low,low,low,low,low,low,low,low,low,low,low,low,low,below_average,below_average,below_average,below_average
Libya,LBY,Access to electricity (% of population),EG.ELC.ACCS.ZS,high,high,high,high,high,high,high,high,high,high,high,high,high,high,high,high,high,high,high,high,high,high,high,high,high,high,high,high,high,high,high,high,high,above_average,above_average,above_average,above_average,above_average,above_average,above_average,above_average
St. Lucia,LCA,Access to electricity (% of population),EG.ELC.ACCS.ZS,high,high,high,high,high,high,high,high,high,high,high,high,high,high,high,high,high,high,high,high,high,high,high,high,high,high,high,high,high,high,high,high,high,high,high,high,high,high,high,high,high
Latin America & Caribbean,LCN,Access to electricity (% of population),EG.ELC.ACCS.ZS,high,high,high,high,high,high,high,high,high,high,high,high,high,high,high,high,high,high,high,high,high,high,high,high,high,high,high,high,high,high,high,high,high,high,high,high,high,high,high,high,high
Least developed countries: UN classification,LDC,Access to electricity (% of population),EG.ELC.ACCS.ZS,low,low,low,low,low,low,low,low,low,low,low,low,low,low,low,low,low,low,low,low,low,low,below_average,below_average,below_average,below_average,below_average,below_average,below_average,below_average,below_average,below_average,average,average,average,average,average,average,average,average,average
Low income,LIC,Access to electricity (% of population),EG.ELC.ACCS.ZS,low,low,low,low,low,low,low,low,low,low,low,low,low,low,low,low,low,low,low,low,low,low,low,low,low,low,below_average,below_average,below_average,below_average,below_average,below_average,below_average,below_average,below_average,below_average,below_average,average,average,average,average
Liechtenstein,LIE,Access to electricity (% of population),EG.ELC.ACCS.ZS,high,high,high,high,high,high,high,high,high,high,high,high,high,high,high,high,high,high,high,high,high,high,high,high,high,high,high,high,high,high,high,high,high,high,high,high,high,high,high,high,high
Sri Lanka,LKA,Access to electricity (% of population),EG.ELC.ACCS.ZS,above_average,above_average,above_average,above_average,above_average,above_average,above_average,above_average,above_average,above_average,above_average,above_average,above_average,above_average,above_average,above_average,above_average,above_average,above_average,above_average,above_average,above_average,high,above_average,above_average,high,high,high,high,high,high,high,high,high,high,high,high,high,high,high,high
Lower middle income,LMC,Access to electricity (% of population),EG.ELC.ACCS.ZS,average,average,average,average,average,average,average,average,average,average,average,average,average,average,average,average,average,above_average,above_average,above_average,above_average,above_average,above_average,above_average,above_average,above_average,above_average,above_average,above_average,above_average,above_average,above_average,high,high,high,high,high,high,high,high,high
Low & middle income,LMY,Access to electricity (% of population),EG.ELC.ACCS.ZS,above_average,above_average,above_average,above_average,above_average,above_average,above_average,above_average,above_average,above_average,above_average,above_average,above_average,above_average,above_average,above_average,above_average,above_average,above_average,above_average,above_average,above_average,above_average,above_average,above_average,above_average,high,high,high,high,high,high,high,high,high,high,high,high,high,high,high
Lesotho,LSO,Access to electricity (% of population),EG.ELC.ACCS.ZS,low,low,low,low,low,low,low,low,low,low,low,low,low,low,low,low,low,low,low,low,low,low,low,low,low,low,low,low,low,low,low,low,low,below_average,below_average,below_average,below_average,below_average,average,average,average
Late-demographic dividend,LTE,Access to electricity (% of population),EG.ELC.ACCS.ZS,high,high,high,high,high,high,high,high,high,high,high,high,high,high,high,high,high,high,high,high,high,high,high,high,high,high,high,high,high,high,high,high,high,high,high,high,high,high,high,high,high
Lithuania,LTU,Access to electricity (% of population),EG.ELC.ACCS.ZS,high,high,high,high,high,high,high,high,high,high,high,high,high,high,high,high,high,high,high,high,high,high,high,high,high,high,high,high,high,high,high,high,high,high,high,high,high,high,high,high,high
Luxembourg,LUX,Access to electricity (% of population),EG.ELC.ACCS.ZS,high,high,high,high,high,high,high,high,high,high,high,high,high,high,high,high,high,high,high,high,high,high,high,high,high,high,high,high,high,high,high,high,high,high,high,high,high,high,high,high,high
Latvia,LVA,Access to electricity (% of population),EG.ELC.ACCS.ZS,high,high,high,high,high,high,high,high,high,high,high,high,high,high,high,high,high,high,high,high,high,high,high,high,high,high,high,high,high,high,high,high,high,high,high,high,high,high,high,high,high
"Macao SAR, China",MAC,Access to electricity (% of population),EG.ELC.ACCS.ZS,high,high,high,high,high,high,high,high,high,high,high,high,high,high,high,high,high,high,high,high,high,high,high,high,high,high,high,high,high,high,high,high,high,high,high,high,high,high,high,high,high
St. Martin (French part),MAF,Access to electricity (% of population),EG.ELC.ACCS.ZS,high,high,high,high,high,high,high,high,high,high,high,high,high,high,high,high,high,high,high,high,high,high,high,high,high,high,high,high,high,high,high,high,high,high,high,high,high,high,high,high,high
Morocco,MAR,Access to electricity (% of population),EG.ELC.ACCS.ZS,average,average,average,average,average,average,average,average,average,average,average,average,average,above_average,above_average,above_average,above_average,above_average,above_average,above_average,above_average,above_average,above_average,above_average,high,high,high,high,high,high,high,high,high,high,high,high,high,high,high,high,high
Monaco,MCO,Access to electricity (% of population),EG.ELC.ACCS.ZS,high,high,high,high,high,high,high,high,high,high,high,high,high,high,high,high,high,high,high,high,high,high,high,high,high,high,high,high,high,high,high,high,high,high,high,high,high,high,high,high,high
Moldova,MDA,Access to electricity (% of population),EG.ELC.ACCS.ZS,high,high,high,high,high,high,high,high,high,high,high,high,high,high,high,high,high,high,high,high,high,high,high,high,high,high,high,high,high,high,high,high,high,high,high,high,high,high,high,high,high
Madagascar,MDG,Access to electricity (% of population),EG.ELC.ACCS.ZS,low,low,low,low,low,low,low,low,low,low,low,low,low,low,low,low,low,low,low,low,low,low,low,low,low,low,low,low,low,low,low,low,low,low,low,low,below_average,below_average,below_average,below_average,below_average
Maldives,MDV,Access to electricity (% of population),EG.ELC.ACCS.ZS,high,high,high,high,high,high,high,high,high,high,high,high,high,high,high,high,high,high,high,high,high,high,high,high,high,high,high,high,high,high,high,high,high,high,high,high,high,high,high,high,high
Middle East & North Africa,MEA,Access to electricity (% of population),EG.ELC.ACCS.ZS,high,high,high,high,high,high,high,high,high,high,high,high,high,high,high,high,high,high,high,high,high,high,high,high,high,high,high,high,high,high,high,high,high,high,high,high,high,high,high,high,high
Mexico,MEX,Access to electricity (% of population),EG.ELC.ACCS.ZS,high,high,high,high,high,high,high,high,high,high,high,high,high,high,high,high,high,high,high,high,high,high,high,high,high,high,high,high,high,high,high,high,high,high,high,high,high,high,high,high,high
Marshall Islands,MHL,Access to electricity (% of population),EG.ELC.ACCS.ZS,above_average,above_average,above_average,above_average,above_average,above_average,above_average,above_average,above_average,above_average,above_average,above_average,above_average,above_average,above_average,above_average,above_average,above_average,above_average,above_average,above_average,above_average,above_average,above_average,above_average,above_average,high,above_average,high,high,high,high,high,high,high,high,high,high,high,high,high
Middle income,MIC,Access to electricity (% of population),EG.ELC.ACCS.ZS,high,high,high,high,high,high,high,high,high,high,high,high,high,high,high,high,high,high,high,high,high,high,high,high,high,high,high,high,high,high,high,high,high,high,high,high,high,high,high,high,high
North Macedonia,MKD,Access to electricity (% of population),EG.ELC.ACCS.ZS,high,high,high,high,high,high,high,high,high,high,high,high,high,high,high,high,high,high,high,high,high,high,high,high,high,high,high,high,high,high,high,high,high,high,high,high,high,high,high,high,high
Mali,MLI,Access to electricity (% of population),EG.ELC.ACCS.ZS,low,low,low,low,low,low,low,low,low,low,low,low,low,low,low,low,low,low,low,low,low,low,low,low,low,low,low,low,below_average,below_average,below_average,below_average,below_average,below_average,below_average,below_average,average,below_average,average,average,average
Malta,MLT,Access to electricity (% of population),EG.ELC.ACCS.ZS,high,high,high,high,high,high,high,high,high,high,high,high,high,high,high,high,high,high,high,high,high,high,high,high,high,high,high,high,high,high,high,high,high,high,high,high,high,high,high,high,high
Myanmar,MMR,Access to electricity (% of population),EG.ELC.ACCS.ZS,average,average,average,average,average,average,average,average,average,average,average,average,average,average,average,average,average,average,average,average,average,average,average,average,average,average,average,average,average,average,average,average,average,above_average,average,above_average,above_average,above_average,above_average,above_average,above_average
Middle East & North Africa (excluding high income),MNA,Access to electricity (% of population),EG.ELC.ACCS.ZS,high,high,high,high,high,high,high,high,high,high,high,high,high,high,high,high,high,high,high,high,high,high,high,high,high,high,high,high,high,high,high,high,high,high,high,high,high,high,high,high,high
Montenegro,MNE,Access to electricity (% of population),EG.ELC.ACCS.ZS,high,high,high,high,high,high,high,high,high,high,high,high,high,high,high,high,high,high,high,high,high,high,high,high,high,high,high,high,high,high,high,high,high,high,high,high,high,high,high,high,high
Mongolia,MNG,Access to electricity (% of population),EG.ELC.ACCS.ZS,above_average,above_average,above_average,above_average,above_average,above_average,above_average,above_average,above_average,above_average,above_average,above_average,above_average,above_average,above_average,above_average,above_average,above_average,above_average,above_average,above_average,above_average,above_average,above_average,above_average,high,above_average,high,high,high,high,above_average,high,high,high,high,high,high,high,high,high
Northern Mariana Islands,MNP,Access to electricity (% of population),EG.ELC.ACCS.ZS,high,high,high,high,high,high,high,high,high,high,high,high,high,high,high,high,high,high,high,high,high,high,high,high,high,high,high,high,high,high,high,high,high,high,high,high,high,high,high,high,high
Mozambique,MOZ,Access to electricity (% of population),EG.ELC.ACCS.ZS,low,low,low,low,low,low,low,low,low,low,low,low,low,low,low,low,low,low,low,low,low,low,low,low,low,low,low,low,low,low,low,low,low,low,below_average,below_average,below_average,below_average,below_average,below_average,below_average
Mauritania,MRT,Access to electricity (% of population),EG.ELC.ACCS.ZS,low,low,low,low,low,low,low,low,low,low,low,low,low,low,low,low,low,low,low,low,low,low,low,below_average,below_average,low,below_average,below_average,below_average,below_average,below_average,below_average,below_average,below_average,average,average,average,average,average,average,average
Mauritius,MUS,Access to electricity (% of population),EG.ELC.ACCS.ZS,high,high,high,high,high,high,high,high,high,high,high,high,high,high,high,high,high,high,high,high,high,high,high,high,high,high,high,high,high,high,high,high,high,high,high,high,high,high,high,high,high
Malawi,MWI,Access to electricity (% of population),EG.ELC.ACCS.ZS,low,low,low,low,low,low,low,low,low,low,low,low,low,low,low,low,low,low,low,low,low,low,low,low,low,low,low,low,low,low,low,low,low,low,low,low,low,low,low,low,low
Malaysia,MYS,Access to electricity (% of population),EG.ELC.ACCS.ZS,high,high,high,high,high,high,high,high,high,high,high,high,high,high,high,high,high,high,high,high,high,high,high,high,high,high,high,high,high,high,high,high,high,high,high,high,high,high,high,high,high
North America,NAC,Access to electricity (% of population),EG.ELC.ACCS.ZS,high,high,high,high,high,high,high,high,high,high,high,high,high,high,high,high,high,high,high,high,high,high,high,high,high,high,high,high,high,high,high,high,high,high,high,high,high,high,high,high,high
Namibia,NAM,Access to electricity (% of population),EG.ELC.ACCS.ZS,below_average,below_average,below_average,below_average,below_average,below_average,below_average,below_average,below_average,below_average,below_average,below_average,below_average,below_average,below_average,below_average,below_average,below_average,below_average,below_average,below_average,below_average,below_average,average,average,average,average,average,average,average,average,average,average,average,average,average,average,average,average,average,average
New Caledonia,NCL,Access to electricity (% of population),EG.ELC.ACCS.ZS,high,high,high,high,high,high,high,high,high,high,high,high,high,high,high,high,high,high,high,high,high,high,high,high,high,high,high,high,high,high,high,high,high,high,high,high,high,high,high,high,high
Niger,NER,Access to electricity (% of population),EG.ELC.ACCS.ZS,low,low,low,low,low,low,low,low,low,low,low,low,low,low,low,low,low,low,low,low,low,low,low,low,low,low,low,low,low,low,low,low,low,low,low,low,low,low,low,low,low
Nigeria,NGA,Access to electricity (% of population),EG.ELC.ACCS.ZS,below_average,below_average,below_average,below_average,below_average,below_average,below_average,below_average,below_average,below_average,below_average,below_average,below_average,below_average,average,average,average,average,average,average,average,average,average,average,average,average,average,average,average,average,average,above_average,average,above_average,average,average,above_average,average,above_average,average,average
Nicaragua,NIC,Access to electricity (% of population),EG.ELC.ACCS.ZS,above_average,above_average,above_average,above_average,above_average,above_average,above_average,above_average,above_average,above_average,above_average,above_average,above_average,above_average,above_average,above_average,above_average,above_average,above_average,above_average,above_average,above_average,above_average,above_average,above_average,above_average,above_average,above_average,above_average,high,high,high,high,high,high,high,high,high,high,high,high
Netherlands,NLD,Access to electricity (% of population),EG.ELC.ACCS.ZS,high,high,high,high,high,high,high,high,high,high,high,high,high,high,high,high,high,high,high,high,high,high,high,high,high,high,high,high,high,high,high,high,high,high,high,high,high,high,high,high,high
Norway,NOR,Access to electricity (% of population),EG.ELC.ACCS.ZS,high,high,high,high,high,high,high,high,high,high,high,high,high,high,high,high,high,high,high,high,high,high,high,high,high,high,high,high,high,high,high,high,high,high,high,high,high,high,high,high,high
Nepal,NPL,Access to electricity (% of population),EG.ELC.ACCS.ZS,low,low,low,low,low,low,low,low,low,low,low,low,low,low,low,low,low,low,low,below_average,below_average,below_average,below_average,average,below_average,average,average,average,above_average,above_average,above_average,above_average,above_average,high,high,high,high,high,high,high,high
Nauru,NRU,Access to electricity (% of population),EG.ELC.ACCS.ZS,high,high,high,high,high,high,high,high,high,high,high,high,high,high,high,high,high,high,high,high,high,high,high,high,high,high,high,high,high,high,high,high,high,high,high,high,high,high,high,high,high
New Zealand,NZL,Access to electricity (% of population),EG.ELC.ACCS.ZS,high,high,high,high,high,high,high,high,high,high,high,high,high,high,high,high,high,high,high,high,high,high,high,high,high,high,high,high,high,high,high,high,high,high,high,high,high,high,high,high,high
OECD members,OED,Access to electricity (% of population),EG.ELC.ACCS.ZS,high,high,high,high,high,high,high,high,high,high,high,high,high,high,high,high,high,high,high,high,high,high,high,high,high,high,high,high,high,high,high,high,high,high,high,high,high,high,high,high,high
Oman,OMN,Access to electricity (% of population),EG.ELC.ACCS.ZS,high,high,high,high,high,high,high,high,high,high,high,high,high,high,high,high,high,high,high,high,high,high,high,high,high,high,high,high,high,high,high,high,high,high,high,high,high,high,high,high,high
Other small states,OSS,Access to electricity (% of population),EG.ELC.ACCS.ZS,above_average,above_average,above_average,above_average,above_average,above_average,above_average,above_average,above_average,above_average,above_average,above_average,above_average,above_average,above_average,above_average,above_average,above_average,above_average,above_average,above_average,above_average,above_average,above_average,above_average,above_average,above_average,above_average,above_average,above_average,above_average,above_average,above_average,above_average,above_average,above_average,above_average,above_average,high,high,high
Pakistan,PAK,Access to electricity (% of population),EG.ELC.ACCS.ZS,above_average,above_average,above_average,above_average,above_average,above_average,above_average,above_average,above_average,above_average,above_average,above_average,above_average,above_average,above_average,above_average,above_average,above_average,above_average,above_average,above_average,above_average,above_average,above_average,above_average,above_average,above_average,above_average,above_average,above_average,above_average,above_average,above_average,above_average,above_average,above_average,above_average,above_average,above_average,above_average,above_average
Panama,PAN,Access to electricity (% of population),EG.ELC.ACCS.ZS,above_average,above_average,above_average,above_average,above_average,above_average,above_average,above_average,above_average,above_average,above_average,above_average,above_average,above_average,above_average,above_average,high,high,high,high,high,high,high,high,high,high,high,high,high,high,high,high,high,high,high,high,high,high,high,high,high
Peru,PER,Access to electricity (% of population),EG.ELC.ACCS.ZS,above_average,above_average,above_average,above_average,above_average,above_average,above_average,above_average,above_average,above_average,above_average,above_average,above_average,above_average,above_average,above_average,above_average,above_average,above_average,above_average,above_average,above_average,above_average,above_average,above_average,high,high,high,high,high,high,high,high,high,high,high,high,high,high,high,high
Philippines,PHL,Access to electricity (% of population),EG.ELC.ACCS.ZS,above_average,above_average,above_average,above_average,above_average,above_average,above_average,above_average,above_average,above_average,above_average,above_average,above_average,above_average,above_average,above_average,above_average,above_average,above_average,above_average,above_average,above_average,above_average,above_average,high,high,high,high,high,high,high,high,high,high,high,high,high,high,high,high,high
Palau,PLW,Access to electricity (% of population),EG.ELC.ACCS.ZS,high,high,high,high,high,high,high,high,high,high,high,high,high,high,high,high,high,high,high,high,high,high,high,high,high,high,high,high,high,high,high,high,high,high,high,high,high,high,high,high,high
Papua New Guinea,PNG,Access to electricity (% of population),EG.ELC.ACCS.ZS,low,low,low,low,low,low,low,low,low,low,low,low,low,low,low,low,low,low,low,low,low,low,low,low,low,low,low,below_average,below_average,low,low,below_average,below_average,below_average,average,average,average,average,above_average,above_average,above_average
Poland,POL,Access to electricity (% of population),EG.ELC.ACCS.ZS,high,high,high,high,high,high,high,high,high,high,high,high,high,high,high,high,high,high,high,high,high,high,high,high,high,high,high,high,high,high,high,high,high,high,high,high,high,high,high,high,high
Pre-demographic dividend,PRE,Access to electricity (% of population),EG.ELC.ACCS.ZS,below_average,below_average,below_average,below_average,below_average,below_average,below_average,below_average,below_average,below_average,below_average,below_average,below_average,below_average,below_average,below_average,below_average,below_average,below_average,below_average,low,below_average,below_average,below_average,below_average,below_average,below_average,below_average,below_average,below_average,below_average,below_average,below_average,average,average,average,average,average,average,average,average
Puerto Rico,PRI,Access to electricity (% of population),EG.ELC.ACCS.ZS,high,high,high,high,high,high,high,high,high,high,high,high,high,high,high,high,high,high,high,high,high,high,high,high,high,high,high,high,high,high,high,high,high,high,high,high,high,high,high,high,high
"Korea, Dem. People's Rep.",PRK,Access to electricity (% of population),EG.ELC.ACCS.ZS,below_average,below_average,below_average,below_average,below_average,below_average,below_average,below_average,below_average,below_average,below_average,below_average,below_average,below_average,below_average,below_average,below_average,below_average,below_average,below_average,below_average,below_average,below_average,below_average,below_average,below_average,below_average,below_average,below_average,below_average,below_average,below_average,below_average,below_average,average,average,average,average,average,average,average
Portugal,PRT,Access to electricity (% of population),EG.ELC.ACCS.ZS,high,high,high,high,high,high,high,high,high,high,high,high,high,high,high,high,high,high,high,high,high,high,high,high,high,high,high,high,high,high,high,high,high,high,high,high,high,high,high,high,high
Paraguay,PRY,Access to electricity (% of population),EG.ELC.ACCS.ZS,high,high,high,high,high,high,high,high,high,high,high,high,high,high,high,high,high,high,high,high,high,high,high,high,high,high,high,high,high,high,high,high,high,high,high,high,high,high,high,high,high
West Bank and Gaza,PSE,Access to electricity (% of population),EG.ELC.ACCS.ZS,high,high,high,high,high,high,high,high,high,high,high,high,high,high,high,high,high,high,high,high,high,high,high,high,high,high,high,high,high,high,high,high,high,high,high,high,high,high,high,high,high
Pacific island small states,PSS,Access to electricity (% of population),EG.ELC.ACCS.ZS,above_average,above_average,above_average,above_average,above_average,above_average,above_average,above_average,above_average,above_average,above_average,above_average,above_average,above_average,above_average,above_average,above_average,above_average,above_average,above_average,average,above_average,above_average,above_average,above_average,above_average,above_average,above_average,above_average,above_average,above_average,above_average,above_average,above_average,above_average,high,high,high,high,high,high
Post-demographic dividend,PST,Access to electricity (% of population),EG.ELC.ACCS.ZS,high,high,high,high,high,high,high,high,high,high,high,high,high,high,high,high,high,high,high,high,high,high,high,high,high,high,high,high,high,high,high,high,high,high,high,high,high,high,high,high,high
French Polynesia,PYF,Access to electricity (% of population),EG.ELC.ACCS.ZS,high,high,high,high,high,high,high,high,high,high,high,high,high,high,high,high,high,high,high,high,high,high,high,high,high,high,high,high,high,high,high,high,high,high,high,high,high,high,high,high,high
Qatar,QAT,Access to electricity (% of population),EG.ELC.ACCS.ZS,high,high,high,high,high,high,high,high,high,high,high,high,high,high,high,high,high,high,high,high,high,high,high,high,high,high,high,high,high,high,high,high,high,high,high,high,high,high,high,high,high
Romania,ROU,Access to electricity (% of population),EG.ELC.ACCS.ZS,high,high,high,high,high,high,high,high,high,high,high,high,high,high,high,high,high,high,high,high,high,high,high,high,high,high,high,high,high,high,high,high,high,high,high,high,high,high,high,high,high
Russian Federation,RUS,Access to electricity (% of population),EG.ELC.ACCS.ZS,high,high,high,high,high,high,high,high,high,high,high,high,high,high,high,high,high,high,high,high,high,high,high,high,high,high,high,high,high,high,high,high,high,high,high,high,high,high,high,high,high
Rwanda,RWA,Access to electricity (% of population),EG.ELC.ACCS.ZS,low,low,low,low,low,low,low,low,low,low,low,low,low,low,low,low,low,low,low,low,low,low,low,low,low,low,low,low,low,low,low,low,low,low,low,below_average,below_average,below_average,below_average,average,average
South Asia,SAS,Access to electricity (% of population),EG.ELC.ACCS.ZS,average,average,average,average,average,average,average,average,average,average,average,average,average,average,average,average,average,average,average,above_average,above_average,average,above_average,above_average,above_average,above_average,above_average,above_average,above_average,above_average,above_average,above_average,high,high,high,high,high,high,high,high,high
Saudi Arabia,SAU,Access to electricity (% of population),EG.ELC.ACCS.ZS,high,high,high,high,high,high,high,high,high,high,high,high,high,high,high,high,high,high,high,high,high,high,high,high,high,high,high,high,high,high,high,high,high,high,high,high,high,high,high,high,high
Sudan,SDN,Access to electricity (% of population),EG.ELC.ACCS.ZS,below_average,below_average,below_average,below_average,below_average,below_average,below_average,below_average,below_average,below_average,below_average,below_average,below_average,below_average,below_average,below_average,below_average,below_average,below_average,below_average,below_average,below_average,below_average,below_average,below_average,below_average,below_average,below_average,below_average,below_average,average,average,average,average,average,average,average,average,average,average,average
Senegal,SEN,Access to electricity (% of population),EG.ELC.ACCS.ZS,below_average,below_average,below_average,below_average,below_average,below_average,below_average,below_average,below_average,below_average,below_average,below_average,below_average,below_average,below_average,below_average,below_average,below_average,below_average,below_average,below_average,average,below_average,average,below_average,average,average,average,average,average,above_average,above_average,above_average,above_average,above_average,above_average,above_average,above_average,above_average,above_average,above_average
Singapore,SGP,Access to electricity (% of population),EG.ELC.ACCS.ZS,high,high,high,high,high,high,high,high,high,high,high,high,high,high,high,high,high,high,high,high,high,high,high,high,high,high,high,high,high,high,high,high,high,high,high,high,high,high,high,high,high
Solomon Islands,SLB,Access to electricity (% of population),EG.ELC.ACCS.ZS,low,low,low,low,low,low,low,low,low,low,low,low,low,low,low,low,low,low,low,low,low,low,low,low,low,low,low,low,below_average,low,below_average,average,average,average,average,average,above_average,above_average,above_average,above_average,above_average
Sierra Leone,SLE,Access to electricity (% of population),EG.ELC.ACCS.ZS,low,low,low,low,low,low,low,low,low,low,low,low,low,low,low,low,low,low,low,low,low,low,low,low,low,low,low,low,low,low,low,low,low,low,low,low,low,below_average,below_average,low,low
El Salvador,SLV,Access to electricity (% of population),EG.ELC.ACCS.ZS,above_average,above_average,above_average,above_average,above_average,above_average,above_average,above_average,above_average,above_average,above_average,above_average,above_average,above_average,high,above_average,high,high,high,high,high,high,high,high,high,high,high,high,high,high,high,high,high,high,high,high,high,high,high,high,high
San Marino,SMR,Access to electricity (% of population),EG.ELC.ACCS.ZS,high,high,high,high,high,high,high,high,high,high,high,high,high,high,high,high,high,high,high,high,high,high,high,high,high,high,high,high,high,high,high,high,high,high,high,high,high,high,high,high,high
Somalia,SOM,Access to electricity (% of population),EG.ELC.ACCS.ZS,low,low,low,low,low,low,low,low,low,low,low,low,low,low,low,low,low,low,low,low,low,low,low,low,low,low,low,low,low,low,low,low,below_average,below_average,below_average,below_average,below_average,below_average,below_average,below_average,below_average
Serbia,SRB,Access to electricity (% of population),EG.ELC.ACCS.ZS,high,high,high,high,high,high,high,high,high,high,high,high,high,high,high,high,high,high,high,high,high,high,high,high,high,high,high,high,high,high,high,high,high,high,high,high,high,high,high,high,high
Sub-Saharan Africa (excluding high income),SSA,Access to electricity (% of population),EG.ELC.ACCS.ZS,below_average,below_average,below_average,below_average,below_average,below_average,below_average,below_average,below_average,below_average,below_average,below_average,below_average,below_average,below_average,below_average,below_average,below_average,below_average,below_average,below_average,below_average,below_average,below_average,below_average,below_average,below_average,below_average,below_average,below_average,below_average,below_average,below_average,average,average,average,average,average,average,average,average
South Sudan,SSD,Access to electricity (% of population),EG.ELC.ACCS.ZS,low,low,low,low,low,low,low,low,low,low,low,low,low,low,low,low,low,low,low,low,low,low,low,low,low,low,low,low,low,low,low,low,low,low,low,low,low,low,low,low,low
Sub-Saharan Africa,SSF,Access to electricity (% of population),EG.ELC.ACCS.ZS,below_average,below_average,below_average,below_average,below_average,below_average,below_average,below_average,below_average,below_average,below_average,below_average,below_average,below_average,below_average,below_average,below_average,below_average,below_average,below_average,below_average,below_average,below_average,below_average,below_average,below_average,below_average,below_average,below_average,below_average,below_average,below_average,below_average,average,average,average,average,average,average,average,average
Small states,SST,Access to electricity (% of population),EG.ELC.ACCS.ZS,above_average,above_average,above_average,above_average,above_average,above_average,above_average,above_average,above_average,above_average,above_average,above_average,above_average,above_average,above_average,above_average,above_average,above_average,above_average,above_average,above_average,above_average,above_average,above_average,above_average,above_average,above_average,above_average,above_average,above_average,above_average,above_average,above_average,above_average,above_average,high,high,high,high,high,high
Sao Tome and Principe,STP,Access to electricity (% of population),EG.ELC.ACCS.ZS,average,average,average,average,average,average,average,average,average,average,average,average,average,average,average,average,average,average,average,average,average,average,average,average,average,above_average,above_average,above_average,above_average,above_average,above_average,above_average,above_average,above_average,above_average,above_average,above_average,above_average,above_average,above_average,above_average
Suriname,SUR,Access to electricity (% of population),EG.ELC.ACCS.ZS,high,high,high,high,high,high,high,high,high,high,high,high,high,high,high,high,high,high,high,high,high,high,high,high,high,high,high,high,high,high,high,high,high,high,high,high,high,high,high,high,high
Slovak Republic,SVK,Access to electricity (% of population),EG.ELC.ACCS.ZS,high,high,high,high,high,high,high,high,high,high,high,high,high,high,high,high,high,high,high,high,high,high,high,high,high,high,high,high,high,high,high,high,high,high,high,high,high,high,high,high,high
Slovenia,SVN,Access to electricity (% of population),EG.ELC.ACCS.ZS,high,high,high,high,high,high,high,high,high,high,high,high,high,high,high,high,high,high,high,high,high,high,high,high,high,high,high,high,high,high,high,high,high,high,high,high,high,high,high,high,high
Sweden,SWE,Access to electricity (% of population),EG.ELC.ACCS.ZS,high,high,high,high,high,high,high,high,high,high,high,high,high,high,high,high,high,high,high,high,high,high,high,high,high,high,high,high,high,high,high,high,high,high,high,high,high,high,high,high,high
Eswatini,SWZ,Access to electricity (% of population),EG.ELC.ACCS.ZS,below_average,below_average,below_average,below_average,below_average,below_average,below_average,below_average,below_average,below_average,below_average,below_average,below_average,below_average,below_average,below_average,below_average,below_average,below_average,below_average,below_average,below_average,below_average,below_average,below_average,below_average,below_average,average,average,average,average,average,average,above_average,above_average,above_average,above_average,above_average,above_average,above_average,above_average
Sint Maarten (Dutch part),SXM,Access to electricity (% of population),EG.ELC.ACCS.ZS,high,high,high,high,high,high,high,high,high,high,high,high,high,high,high,high,high,high,high,high,high,high,high,high,high,high,high,high,high,high,high,high,high,high,high,high,high,high,high,high,high
Seychelles,SYC,Access to electricity (% of population),EG.ELC.ACCS.ZS,high,high,high,high,high,high,high,high,high,high,high,high,high,high,high,high,high,high,high,high,high,high,high,high,high,high,high,high,high,high,high,high,high,high,high,high,high,high,high,high,high
Syrian Arab Republic,SYR,Access to electricity (% of population),EG.ELC.ACCS.ZS,high,high,high,high,high,high,high,high,high,high,high,high,high,high,high,high,high,high,high,high,high,high,high,high,high,high,high,high,high,high,high,high,high,high,high,high,high,high,high,high,high
Turks and Caicos Islands,TCA,Access to electricity (% of population),EG.ELC.ACCS.ZS,high,high,high,high,high,high,high,high,high,high,high,high,high,high,high,high,high,high,high,high,high,high,high,high,high,high,high,high,high,high,high,high,high,high,high,high,high,high,high,high,high
Chad,TCD,Access to electricity (% of population),EG.ELC.ACCS.ZS,low,low,low,low,low,low,low,low,low,low,low,low,low,low,low,low,low,low,low,low,low,low,low,low,low,low,low,low,low,low,low,low,low,low,low,low,low,low,low,low,low
East Asia & Pacific (IDA & IBRD countries),TEA,Access to electricity (% of population),EG.ELC.ACCS.ZS,high,high,high,high,high,high,high,high,high,high,high,high,high,high,high,high,high,high,high,high,high,high,high,high,high,high,high,high,high,high,high,high,high,high,high,high,high,high,high,high,high
Europe & Central Asia (IDA & IBRD countries),TEC,Access to electricity (% of population),EG.ELC.ACCS.ZS,high,high,high,high,high,high,high,high,high,high,high,high,high,high,high,high,high,high,high,high,high,high,high,high,high,high,high,high,high,high,high,high,high,high,high,high,high,high,high,high,high
Togo,TGO,Access to electricity (% of population),EG.ELC.ACCS.ZS,low,low,low,low,low,low,low,low,low,low,low,low,low,low,low,low,low,low,low,low,low,low,low,below_average,below_average,below_average,below_average,below_average,below_average,below_average,below_average,average,average,average,average,average,average,average,average,average,average
Thailand,THA,Access to electricity (% of population),EG.ELC.ACCS.ZS,high,high,high,high,high,high,high,high,high,high,high,high,high,high,high,high,high,high,high,high,high,high,high,high,high,high,high,high,high,high,high,high,high,high,high,high,high,high,high,high,high
Tajikistan,TJK,Access to electricity (% of population),EG.ELC.ACCS.ZS,high,high,high,high,high,high,high,high,high,high,high,high,high,high,high,high,high,high,high,high,high,high,high,high,high,high,high,high,high,high,high,high,high,high,high,high,high,high,high,high,high
Turkmenistan,TKM,Access to electricity (% of population),EG.ELC.ACCS.ZS,high,high,high,high,high,high,high,high,high,high,high,high,high,high,high,high,high,high,high,high,high,high,high,high,high,high,high,high,high,high,high,high,high,high,high,high,high,high,high,high,high
Latin America & the Caribbean (IDA & IBRD countries),TLA,Access to electricity (% of population),EG.ELC.ACCS.ZS,high,high,high,high,high,high,high,high,high,high,high,high,high,high,high,high,high,high,high,high,high,high,high,high,high,high,high,high,high,high,high,high,high,high,high,high,high,high,high,high,high
Timor-Leste,TLS,Access to electricity (% of population),EG.ELC.ACCS.ZS,below_average,below_average,below_average,below_average,below_average,below_average,below_average,below_average,below_average,below_average,below_average,below_average,below_average,below_average,below_average,below_average,below_average,below_average,below_average,below_average,below_average,below_average,below_average,below_average,below_average,below_average,below_average,below_average,average,average,average,average,above_average,above_average,above_average,above_average,above_average,high,high,high,high
Middle East & North Africa (IDA & IBRD countries),TMN,Access to electricity (% of population),EG.ELC.ACCS.ZS,high,high,high,high,high,high,high,high,high,high,high,high,high,high,high,high,high,high,high,high,high,high,high,high,high,high,high,high,high,high,high,high,high,high,high,high,high,high,high,high,high
Tonga,TON,Access to electricity (% of population),EG.ELC.ACCS.ZS,high,high,high,high,high,high,high,high,high,high,high,high,high,high,high,high,high,high,high,high,high,high,high,high,high,high,high,high,high,high,high,high,high,high,high,high,high,high,high,high,high
South Asia (IDA & IBRD),TSA,Access to electricity (% of population),EG.ELC.ACCS.ZS,average,average,average,average,average,average,average,average,average,average,average,average,average,average,average,average,average,average,average,above_average,above_average,average,above_average,above_average,above_average,above_average,above_average,above_average,above_average,above_average,above_average,above_average,high,high,high,high,high,high,high,high,high
Sub-Saharan Africa (IDA & IBRD countries),TSS,Access to electricity (% of population),EG.ELC.ACCS.ZS,below_average,below_average,below_average,below_average,below_average,below_average,below_average,below_average,below_average,below_average,below_average,below_average,below_average,below_average,below_average,below_average,below_average,below_average,below_average,below_average,below_average,below_average,below_average,below_average,below_average,below_average,below_average,below_average,below_average,below_average,below_average,below_average,below_average,average,average,average,average,average,average,average,average
Trinidad and Tobago,TTO,Access to electricity (% of population),EG.ELC.ACCS.ZS,high,high,high,high,high,high,high,high,high,high,high,high,high,high,high,high,high,high,high,high,high,high,high,high,high,high,high,high,high,high,high,high,high,high,high,high,high,high,high,high,high
Tunisia,TUN,Access to electricity (% of population),EG.ELC.ACCS.ZS,high,high,high,high,high,high,high,high,high,high,high,high,high,high,high,high,high,high,high,high,high,high,high,high,high,high,high,high,high,high,high,high,high,high,high,high,high,high,high,high,high
Turkey,TUR,Access to electricity (% of population),EG.ELC.ACCS.ZS,high,high,high,high,high,high,high,high,high,high,high,high,high,high,high,high,high,high,high,high,high,high,high,high,high,high,high,high,high,high,high,high,high,high,high,high,high,high,high,high,high
Tuvalu,TUV,Access to electricity (% of population),EG.ELC.ACCS.ZS,high,high,high,high,high,high,high,high,high,high,high,high,high,high,high,high,high,high,high,high,high,high,high,high,high,high,high,high,high,high,high,high,high,high,high,high,high,high,high,high,high
Tanzania,TZA,Access to electricity (% of population),EG.ELC.ACCS.ZS,low,low,low,low,low,low,low,low,low,low,low,low,low,low,low,low,low,low,low,low,low,low,low,low,low,low,low,low,low,low,low,low,low,low,below_average,below_average,below_average,below_average,below_average,below_average,below_average
Uganda,UGA,Access to electricity (% of population),EG.ELC.ACCS.ZS,low,low,low,low,low,low,low,low,low,low,low,low,low,low,low,low,low,low,low,low,low,low,low,low,low,low,low,low,low,low,low,low,low,low,low,low,below_average,below_average,average,average,average
Ukraine,UKR,Access to electricity (% of population),EG.ELC.ACCS.ZS,high,high,high,high,high,high,high,high,high,high,high,high,high,high,high,high,high,high,high,high,high,high,high,high,high,high,high,high,high,high,high,high,high,high,high,high,high,high,high,high,high
Upper middle income,UMC,Access to electricity (% of population),EG.ELC.ACCS.ZS,high,high,high,high,high,high,high,high,high,high,high,high,high,high,high,high,high,high,high,high,high,high,high,high,high,high,high,high,high,high,high,high,high,high,high,high,high,high,high,high,high
Uruguay,URY,Access to electricity (% of population),EG.ELC.ACCS.ZS,high,high,high,high,high,high,high,high,high,high,high,high,high,high,high,high,high,high,high,high,high,high,high,high,high,high,high,high,high,high,high,high,high,high,high,high,high,high,high,high,high
United States,USA,Access to electricity (% of population),EG.ELC.ACCS.ZS,high,high,high,high,high,high,high,high,high,high,high,high,high,high,high,high,high,high,high,high,high,high,high,high,high,high,high,high,high,high,high,high,high,high,high,high,high,high,high,high,high
Uzbekistan,UZB,Access to electricity (% of population),EG.ELC.ACCS.ZS,high,high,high,high,high,high,high,high,high,high,high,high,high,high,high,high,high,high,high,high,high,high,high,high,high,high,high,high,high,high,high,high,high,high,high,high,high,high,high,high,high
St. Vincent and the Grenadines,VCT,Access to electricity (% of population),EG.ELC.ACCS.ZS,above_average,above_average,above_average,above_average,above_average,above_average,above_average,above_average,above_average,above_average,above_average,above_average,above_average,above_average,above_average,above_average,above_average,above_average,high,high,high,high,high,high,high,high,high,high,high,high,high,high,high,high,high,high,high,high,high,high,high
"Venezuela, RB",VEN,Access to electricity (% of population),EG.ELC.ACCS.ZS,high,high,high,high,high,high,high,high,high,high,high,high,high,high,high,high,high,high,high,high,high,high,high,high,high,high,high,high,high,high,high,high,high,high,high,high,high,high,high,high,high
British Virgin Islands,VGB,Access to electricity (% of population),EG.ELC.ACCS.ZS,high,high,high,high,high,high,high,high,high,high,high,high,high,high,high,high,high,high,high,high,high,high,high,high,high,high,high,high,high,high,high,high,high,high,high,high,high,high,high,high,high
Virgin Islands (U.S.),VIR,Access to electricity (% of population),EG.ELC.ACCS.ZS,high,high,high,high,high,high,high,high,high,high,high,high,high,high,high,high,high,high,high,high,high,high,high,high,high,high,high,high,high,high,high,high,high,high,high,high,high,high,high,high,high
Vietnam,VNM,Access to electricity (% of population),EG.ELC.ACCS.ZS,high,high,high,high,high,high,high,high,high,high,high,high,high,high,high,high,high,high,high,high,high,high,high,high,high,high,high,high,high,high,high,high,high,high,high,high,high,high,high,high,high
Vanuatu,VUT,Access to electricity (% of population),EG.ELC.ACCS.ZS,low,low,low,low,low,low,low,low,low,low,low,low,low,low,low,low,low,low,low,low,low,below_average,below_average,below_average,below_average,below_average,below_average,below_average,below_average,below_average,average,average,average,below_average,average,average,above_average,above_average,above_average,above_average,above_average
World,WLD,Access to electricity (% of population),EG.ELC.ACCS.ZS,above_average,above_average,above_average,above_average,above_average,above_average,above_average,above_average,above_average,above_average,above_average,above_average,above_average,above_average,above_average,above_average,above_average,above_average,above_average,above_average,high,high,high,high,high,high,high,high,high,high,high,high,high,high,high,high,high,high,high,high,high
Samoa,WSM,Access to electricity (% of population),EG.ELC.ACCS.ZS,high,high,high,high,high,high,high,high,high,high,high,high,high,high,high,high,high,high,high,high,high,high,high,high,high,high,high,high,high,high,high,high,high,high,high,high,high,high,high,high,high
Kosovo,XKX,Access to electricity (% of population),EG.ELC.ACCS.ZS,high,high,high,high,high,high,high,high,high,high,high,high,high,high,high,high,high,high,high,high,high,high,high,high,high,high,high,high,high,high,high,high,high,high,high,high,high,high,high,high,high
"Yemen, Rep.",YEM,Access to electricity (% of population),EG.ELC.ACCS.ZS,average,average,average,average,average,average,average,average,average,average,average,average,average,average,average,average,average,average,average,average,average,average,average,average,average,average,above_average,above_average,above_average,above_average,above_average,above_average,average,above_average,above_average,above_average,above_average,high,above_average,above_average,above_average
South Africa,ZAF,Access to electricity (% of population),EG.ELC.ACCS.ZS,above_average,above_average,above_average,above_average,above_average,above_average,above_average,above_average,above_average,above_average,above_average,above_average,above_average,above_average,above_average,above_average,above_average,above_average,above_average,above_average,above_average,above_average,above_average,high,high,high,high,high,high,high,high,high,high,high,high,high,high,high,high,high,high
Zambia,ZMB,Access to electricity (% of population),EG.ELC.ACCS.ZS,low,low,low,low,low,low,low,low,low,low,low,low,low,low,low,low,low,low,low,low,low,low,low,low,low,low,below_average,low,below_average,below_average,low,below_average,below_average,below_average,below_average,below_average,below_average,average,average,average,average
Zimbabwe,ZWE,Access to electricity (% of population),EG.ELC.ACCS.ZS,below_average,below_average,below_average,below_average,below_average,below_average,below_average,below_average,below_average,below_average,below_average,below_average,below_average,below_average,below_average,below_average,below_average,below_average,below_average,average,below_average,below_average,below_average,below_average,below_average,below_average,below_average,below_average,below_average,average,average,below_average,average,average,below_average,below_average,average,average,average,average,average
